timeStamp,elapsed,label,responseCode,responseMessage,threadName,dataType,success,failureMessage,bytes,sentBytes,grpThreads,allThreads,URL,Latency,IdleTime,Connect
1585591619409,1773,HTTP Request,200,OK,Thread Group 1-2,text,true,,1905,130,2,2,https://reqres.in/api/users?page=2,1762,0,1546
1585591619409,1773,HTTP Request,200,OK,Thread Group 1-1,text,true,,1905,130,2,2,https://reqres.in/api/users?page=2,1762,0,1548
1585593757505,2032,HTTP Request,200,OK,Thread Group 1-2,text,true,,1905,130,2,2,https://reqres.in/api/users?page=2,2032,0,1829
1585593757505,2022,HTTP Request,200,OK,Thread Group 1-1,text,true,,1905,130,2,2,https://reqres.in/api/users?page=2,2017,0,1804
1587786948323,4034,HTTP Request,200,OK,Thread Group 1-29,text,true,,1959,130,30,30,https://reqres.in/api/users?page=2,4015,0,3798
1587786948321,4040,HTTP Request,200,OK,Thread Group 1-11,text,true,,1959,130,30,30,https://reqres.in/api/users?page=2,4028,0,3810
1587786948322,4049,HTTP Request,200,OK,Thread Group 1-30,text,true,,1959,130,30,30,https://reqres.in/api/users?page=2,4019,0,3804
1587786948323,4073,HTTP Request,200,OK,Thread Group 1-28,text,true,,1959,130,30,30,https://reqres.in/api/users?page=2,4073,0,3797
1587786948320,4051,HTTP Request,200,OK,Thread Group 1-23,text,true,,1959,130,30,30,https://reqres.in/api/users?page=2,4017,0,3802
1587786948324,4047,HTTP Request,200,OK,Thread Group 1-2,text,true,,1959,130,30,30,https://reqres.in/api/users?page=2,4019,0,3803
1587786948324,4047,HTTP Request,200,OK,Thread Group 1-21,text,true,,1959,130,30,30,https://reqres.in/api/users?page=2,4019,0,3798
1587786948333,4038,HTTP Request,200,OK,Thread Group 1-15,text,true,,1959,130,30,30,https://reqres.in/api/users?page=2,4012,0,3794
1587786948331,4039,HTTP Request,200,OK,Thread Group 1-24,text,true,,1959,130,30,30,https://reqres.in/api/users?page=2,4014,0,3799
1587786948324,4074,HTTP Request,200,OK,Thread Group 1-27,text,true,,1959,130,30,30,https://reqres.in/api/users?page=2,4074,0,3796
1587786948324,4046,HTTP Request,200,OK,Thread Group 1-10,text,true,,1959,130,30,30,https://reqres.in/api/users?page=2,4022,0,3805
1587786948325,4076,HTTP Request,200,OK,Thread Group 1-5,text,true,,1959,130,30,30,https://reqres.in/api/users?page=2,4076,0,3794
1587786948348,4022,HTTP Request,200,OK,Thread Group 1-3,text,true,,1959,130,30,30,https://reqres.in/api/users?page=2,3998,0,3781
1587786948324,4036,HTTP Request,200,OK,Thread Group 1-26,text,true,,1959,130,30,30,https://reqres.in/api/users?page=2,4026,0,3807
1587786948337,4030,HTTP Request,200,OK,Thread Group 1-14,text,true,,1959,130,30,30,https://reqres.in/api/users?page=2,3999,0,3775
1587786948337,4020,HTTP Request,200,OK,Thread Group 1-4,text,true,,1959,130,30,30,https://reqres.in/api/users?page=2,4017,0,3784
1587786948321,4037,HTTP Request,200,OK,Thread Group 1-18,text,true,,1959,130,30,30,https://reqres.in/api/users?page=2,4032,0,3809
1587786948339,4021,HTTP Request,200,OK,Thread Group 1-7,text,true,,1959,130,30,30,https://reqres.in/api/users?page=2,4011,0,3794
1587786948336,4026,HTTP Request,200,OK,Thread Group 1-19,text,true,,1959,130,30,30,https://reqres.in/api/users?page=2,4004,0,3774
1587786948327,4032,HTTP Request,200,OK,Thread Group 1-22,text,true,,1959,130,30,30,https://reqres.in/api/users?page=2,4024,0,3784
1587786948326,4036,HTTP Request,200,OK,Thread Group 1-9,text,true,,1959,130,30,30,https://reqres.in/api/users?page=2,4023,0,3789
1587786948339,4019,HTTP Request,200,OK,Thread Group 1-17,text,true,,1959,130,30,30,https://reqres.in/api/users?page=2,4013,0,3794
1587786948328,4035,HTTP Request,200,OK,Thread Group 1-16,text,true,,1959,130,30,30,https://reqres.in/api/users?page=2,4020,0,3789
1587786948337,4022,HTTP Request,200,OK,Thread Group 1-8,text,true,,1959,130,30,30,https://reqres.in/api/users?page=2,4014,0,3789
1587786948336,4030,HTTP Request,200,OK,Thread Group 1-12,text,true,,1959,130,30,30,https://reqres.in/api/users?page=2,4012,0,3778
1587786948324,4034,HTTP Request,200,OK,Thread Group 1-6,text,true,,1959,130,30,30,https://reqres.in/api/users?page=2,4029,0,3798
1587786948320,4047,HTTP Request,200,OK,Thread Group 1-13,text,true,,1959,130,30,30,https://reqres.in/api/users?page=2,4027,0,3804
1587786948331,4038,HTTP Request,200,OK,Thread Group 1-20,text,true,,1959,130,30,30,https://reqres.in/api/users?page=2,4016,0,3793
1587786948323,4046,HTTP Request,200,OK,Thread Group 1-1,text,true,,1959,130,30,30,https://reqres.in/api/users?page=2,4045,0,3794
1587786948324,4291,HTTP Request,200,OK,Thread Group 1-25,text,true,,1951,130,1,1,https://reqres.in/api/users?page=2,4291,0,3784
