timeStamp,elapsed,label,responseCode,responseMessage,threadName,dataType,success,failureMessage,bytes,sentBytes,grpThreads,allThreads,URL,Filename,Latency,Encoding,SampleCount,ErrorCount,Hostname,IdleTime,Connect
1585102757120,902,HTTP Request,200,OK,Thread Group 1-22,text,true,,1905,130,184,184,https://reqres.in/api/users?page=2,,901,utf-8,1,0,DESKTOP-R960KRP,0,737
1585102757070,958,HTTP Request,200,OK,Thread Group 1-1,text,true,,1905,130,184,184,https://reqres.in/api/users?page=2,,958,utf-8,1,0,DESKTOP-R960KRP,0,786
1585102757138,902,HTTP Request,200,OK,Thread Group 1-36,text,true,,1905,130,186,186,https://reqres.in/api/users?page=2,,901,utf-8,1,0,DESKTOP-R960KRP,0,731
1585102757115,926,HTTP Request,200,OK,Thread Group 1-21,text,true,,1905,130,185,185,https://reqres.in/api/users?page=2,,926,utf-8,1,0,DESKTOP-R960KRP,0,747
1585102757145,899,HTTP Request,200,OK,Thread Group 1-43,text,true,,1905,130,185,185,https://reqres.in/api/users?page=2,,898,utf-8,1,0,DESKTOP-R960KRP,0,728
1585102757105,940,HTTP Request,200,OK,Thread Group 1-15,text,true,,1905,130,185,185,https://reqres.in/api/users?page=2,,940,utf-8,1,0,DESKTOP-R960KRP,0,759
1585102757146,899,HTTP Request,200,OK,Thread Group 1-42,text,true,,1905,130,185,185,https://reqres.in/api/users?page=2,,899,utf-8,1,0,DESKTOP-R960KRP,0,729
1585102757069,977,HTTP Request,200,OK,Thread Group 1-8,text,true,,1905,130,185,185,https://reqres.in/api/users?page=2,,977,utf-8,1,0,DESKTOP-R960KRP,0,796
1585102757123,925,HTTP Request,200,OK,Thread Group 1-26,text,true,,1905,130,185,185,https://reqres.in/api/users?page=2,,925,utf-8,1,0,DESKTOP-R960KRP,0,742
1585102757158,890,HTTP Request,200,OK,Thread Group 1-112,text,true,,1905,130,185,185,https://reqres.in/api/users?page=2,,890,utf-8,1,0,DESKTOP-R960KRP,0,717
1585102757094,955,HTTP Request,200,OK,Thread Group 1-11,text,true,,1905,130,185,185,https://reqres.in/api/users?page=2,,955,utf-8,1,0,DESKTOP-R960KRP,0,778
1585102757084,966,HTTP Request,200,OK,Thread Group 1-108,text,true,,1905,130,185,185,https://reqres.in/api/users?page=2,,966,utf-8,1,0,DESKTOP-R960KRP,0,787
1585102757061,989,HTTP Request,200,OK,Thread Group 1-5,text,true,,1905,130,185,185,https://reqres.in/api/users?page=2,,989,utf-8,1,0,DESKTOP-R960KRP,0,808
1585102757110,941,HTTP Request,200,OK,Thread Group 1-109,text,true,,1905,130,185,185,https://reqres.in/api/users?page=2,,941,utf-8,1,0,DESKTOP-R960KRP,0,752
1585102757135,917,HTTP Request,200,OK,Thread Group 1-34,text,true,,1905,130,185,185,https://reqres.in/api/users?page=2,,917,utf-8,1,0,DESKTOP-R960KRP,0,740
1585102757069,984,HTTP Request,200,OK,Thread Group 1-6,text,true,,1905,130,185,185,https://reqres.in/api/users?page=2,,984,utf-8,1,0,DESKTOP-R960KRP,0,797
1585102757112,941,HTTP Request,200,OK,Thread Group 1-16,text,true,,1905,130,185,185,https://reqres.in/api/users?page=2,,941,utf-8,1,0,DESKTOP-R960KRP,0,751
1585102757162,893,HTTP Request,200,OK,Thread Group 1-50,text,true,,1905,130,185,185,https://reqres.in/api/users?page=2,,893,utf-8,1,0,DESKTOP-R960KRP,0,719
1585102757119,937,HTTP Request,200,OK,Thread Group 1-23,text,true,,1905,130,185,185,https://reqres.in/api/users?page=2,,937,utf-8,1,0,DESKTOP-R960KRP,0,757
1585102757067,991,HTTP Request,200,OK,Thread Group 1-9,text,true,,1905,130,185,185,https://reqres.in/api/users?page=2,,990,utf-8,1,0,DESKTOP-R960KRP,0,805
1585102757173,887,HTTP Request,200,OK,Thread Group 1-57,text,true,,1905,130,185,185,https://reqres.in/api/users?page=2,,887,utf-8,1,0,DESKTOP-R960KRP,0,713
1585102757068,994,HTTP Request,200,OK,Thread Group 1-7,text,true,,1905,130,185,185,https://reqres.in/api/users?page=2,,994,utf-8,1,0,DESKTOP-R960KRP,0,806
1585102757111,951,HTTP Request,200,OK,Thread Group 1-17,text,true,,1905,130,185,185,https://reqres.in/api/users?page=2,,951,utf-8,1,0,DESKTOP-R960KRP,0,750
1585102757141,922,HTTP Request,200,OK,Thread Group 1-39,text,true,,1905,130,185,185,https://reqres.in/api/users?page=2,,922,utf-8,1,0,DESKTOP-R960KRP,0,736
1585102757157,906,HTTP Request,200,OK,Thread Group 1-48,text,true,,1905,130,185,185,https://reqres.in/api/users?page=2,,906,utf-8,1,0,DESKTOP-R960KRP,0,719
1585102757098,966,HTTP Request,200,OK,Thread Group 1-12,text,true,,1905,130,185,185,https://reqres.in/api/users?page=2,,966,utf-8,1,0,DESKTOP-R960KRP,0,776
1585102757133,928,HTTP Request,200,OK,Thread Group 1-32,text,true,,1905,130,185,185,https://reqres.in/api/users?page=2,,928,utf-8,1,0,DESKTOP-R960KRP,0,740
1585102757131,933,HTTP Request,200,OK,Thread Group 1-31,text,true,,1905,130,185,185,https://reqres.in/api/users?page=2,,933,utf-8,1,0,DESKTOP-R960KRP,0,751
1585102757133,933,HTTP Request,200,OK,Thread Group 1-33,text,true,,1905,130,185,185,https://reqres.in/api/users?page=2,,932,utf-8,1,0,DESKTOP-R960KRP,0,750
1585102757125,944,HTTP Request,200,OK,Thread Group 1-27,text,true,,1905,130,185,185,https://reqres.in/api/users?page=2,,944,utf-8,1,0,DESKTOP-R960KRP,0,758
1585102757165,908,HTTP Request,200,OK,Thread Group 1-53,text,true,,1905,130,184,184,https://reqres.in/api/users?page=2,,908,utf-8,1,0,DESKTOP-R960KRP,0,729
1585102757116,958,HTTP Request,200,OK,Thread Group 1-19,text,true,,1905,130,184,184,https://reqres.in/api/users?page=2,,958,utf-8,1,0,DESKTOP-R960KRP,0,777
1585102757115,962,HTTP Request,200,OK,Thread Group 1-20,text,true,,1905,130,185,185,https://reqres.in/api/users?page=2,,962,utf-8,1,0,DESKTOP-R960KRP,0,756
1585102757092,986,HTTP Request,200,OK,Thread Group 1-10,text,true,,1905,130,185,185,https://reqres.in/api/users?page=2,,986,utf-8,1,0,DESKTOP-R960KRP,0,775
1585102757061,1018,HTTP Request,200,OK,Thread Group 1-3,text,true,,1905,130,185,185,https://reqres.in/api/users?page=2,,1017,utf-8,1,0,DESKTOP-R960KRP,0,814
1585102757167,922,HTTP Request,200,OK,Thread Group 1-54,text,true,,1905,130,185,185,https://reqres.in/api/users?page=2,,922,utf-8,1,0,DESKTOP-R960KRP,0,728
1585102757160,930,HTTP Request,200,OK,Thread Group 1-49,text,true,,1905,130,185,185,https://reqres.in/api/users?page=2,,930,utf-8,1,0,DESKTOP-R960KRP,0,735
1585102757069,1023,HTTP Request,200,OK,Thread Group 1-2,text,true,,1905,130,185,185,https://reqres.in/api/users?page=2,,1023,utf-8,1,0,DESKTOP-R960KRP,0,802
1585102757126,969,HTTP Request,200,OK,Thread Group 1-28,text,true,,1905,130,185,185,https://reqres.in/api/users?page=2,,967,utf-8,1,0,DESKTOP-R960KRP,0,764
1585102757164,932,HTTP Request,200,OK,Thread Group 1-51,text,true,,1905,130,185,185,https://reqres.in/api/users?page=2,,932,utf-8,1,0,DESKTOP-R960KRP,0,730
1585102757112,986,HTTP Request,200,OK,Thread Group 1-18,text,true,,1905,130,185,185,https://reqres.in/api/users?page=2,,985,utf-8,1,0,DESKTOP-R960KRP,0,775
1585102757152,947,HTTP Request,200,OK,Thread Group 1-46,text,true,,1905,130,185,185,https://reqres.in/api/users?page=2,,946,utf-8,1,0,DESKTOP-R960KRP,0,737
1585102757136,964,HTTP Request,200,OK,Thread Group 1-35,text,true,,1905,130,185,185,https://reqres.in/api/users?page=2,,963,utf-8,1,0,DESKTOP-R960KRP,0,749
1585102757118,982,HTTP Request,200,OK,Thread Group 1-24,text,true,,1905,130,185,185,https://reqres.in/api/users?page=2,,982,utf-8,1,0,DESKTOP-R960KRP,0,770
1585102757169,932,HTTP Request,200,OK,Thread Group 1-55,text,true,,1905,130,185,185,https://reqres.in/api/users?page=2,,931,utf-8,1,0,DESKTOP-R960KRP,0,729
1585102757222,879,HTTP Request,200,OK,Thread Group 1-190,text,true,,1905,130,185,185,https://reqres.in/api/users?page=2,,879,utf-8,1,0,DESKTOP-R960KRP,0,677
1585102757129,973,HTTP Request,200,OK,Thread Group 1-29,text,true,,1905,130,185,185,https://reqres.in/api/users?page=2,,972,utf-8,1,0,DESKTOP-R960KRP,0,749
1585102757150,952,HTTP Request,200,OK,Thread Group 1-45,text,true,,1905,130,185,185,https://reqres.in/api/users?page=2,,952,utf-8,1,0,DESKTOP-R960KRP,0,742
1585102757146,977,HTTP Request,200,OK,Thread Group 1-41,text,true,,1905,130,185,185,https://reqres.in/api/users?page=2,,977,utf-8,1,0,DESKTOP-R960KRP,0,738
1585102757123,1000,HTTP Request,200,OK,Thread Group 1-25,text,true,,1905,130,185,185,https://reqres.in/api/users?page=2,,1000,utf-8,1,0,DESKTOP-R960KRP,0,757
1585102757169,955,HTTP Request,200,OK,Thread Group 1-56,text,true,,1905,130,185,185,https://reqres.in/api/users?page=2,,955,utf-8,1,0,DESKTOP-R960KRP,0,727
1585102757128,1003,HTTP Request,200,OK,Thread Group 1-110,text,true,,1905,130,185,185,https://reqres.in/api/users?page=2,,1003,utf-8,1,0,DESKTOP-R960KRP,0,771
1585102757191,948,HTTP Request,200,OK,Thread Group 1-65,text,true,,1905,130,185,185,https://reqres.in/api/users?page=2,,948,utf-8,1,0,DESKTOP-R960KRP,0,715
1585102757176,964,HTTP Request,200,OK,Thread Group 1-59,text,true,,1905,130,185,185,https://reqres.in/api/users?page=2,,964,utf-8,1,0,DESKTOP-R960KRP,0,720
1585102757139,1002,HTTP Request,200,OK,Thread Group 1-38,text,true,,1905,130,185,185,https://reqres.in/api/users?page=2,,1002,utf-8,1,0,DESKTOP-R960KRP,0,755
1585102757166,978,HTTP Request,200,OK,Thread Group 1-52,text,true,,1905,130,185,185,https://reqres.in/api/users?page=2,,978,utf-8,1,0,DESKTOP-R960KRP,0,732
1585102757086,1059,HTTP Request,200,OK,Thread Group 1-107,text,true,,1905,130,185,185,https://reqres.in/api/users?page=2,,1059,utf-8,1,0,DESKTOP-R960KRP,0,805
1585102757130,1015,HTTP Request,200,OK,Thread Group 1-30,text,true,,1905,130,185,185,https://reqres.in/api/users?page=2,,1015,utf-8,1,0,DESKTOP-R960KRP,0,766
1585102757186,960,HTTP Request,200,OK,Thread Group 1-63,text,true,,1905,130,185,185,https://reqres.in/api/users?page=2,,960,utf-8,1,0,DESKTOP-R960KRP,0,711
1585102757155,995,HTTP Request,200,OK,Thread Group 1-47,text,true,,1905,130,185,185,https://reqres.in/api/users?page=2,,995,utf-8,1,0,DESKTOP-R960KRP,0,741
1585102757143,1008,HTTP Request,200,OK,Thread Group 1-40,text,true,,1905,130,185,185,https://reqres.in/api/users?page=2,,1008,utf-8,1,0,DESKTOP-R960KRP,0,755
1585102757180,972,HTTP Request,200,OK,Thread Group 1-113,text,true,,1905,130,185,185,https://reqres.in/api/users?page=2,,972,utf-8,1,0,DESKTOP-R960KRP,0,729
1585102757198,960,HTTP Request,200,OK,Thread Group 1-72,text,true,,1905,130,185,185,https://reqres.in/api/users?page=2,,960,utf-8,1,0,DESKTOP-R960KRP,0,714
1585102757100,1059,HTTP Request,200,OK,Thread Group 1-14,text,true,,1905,130,185,185,https://reqres.in/api/users?page=2,,1059,utf-8,1,0,DESKTOP-R960KRP,0,767
1585102757221,939,HTTP Request,200,OK,Thread Group 1-191,text,true,,1905,130,185,185,https://reqres.in/api/users?page=2,,939,utf-8,1,0,DESKTOP-R960KRP,0,701
1585102757148,1028,HTTP Request,200,OK,Thread Group 1-44,text,true,,1905,130,185,185,https://reqres.in/api/users?page=2,,1028,utf-8,1,0,DESKTOP-R960KRP,0,762
1585102757220,972,HTTP Request,200,OK,Thread Group 1-197,text,true,,1905,130,185,185,https://reqres.in/api/users?page=2,,972,utf-8,1,0,DESKTOP-R960KRP,0,718
1585102757185,1010,HTTP Request,200,OK,Thread Group 1-64,text,true,,1905,130,185,185,https://reqres.in/api/users?page=2,,1010,utf-8,1,0,DESKTOP-R960KRP,0,745
1585102757193,1014,HTTP Request,200,OK,Thread Group 1-69,text,true,,1905,130,185,185,https://reqres.in/api/users?page=2,,1013,utf-8,1,0,DESKTOP-R960KRP,0,732
1585102757193,1014,HTTP Request,200,OK,Thread Group 1-68,text,true,,1905,130,185,185,https://reqres.in/api/users?page=2,,1014,utf-8,1,0,DESKTOP-R960KRP,0,732
1585102757179,1039,HTTP Request,200,OK,Thread Group 1-61,text,true,,1905,130,185,185,https://reqres.in/api/users?page=2,,1039,utf-8,1,0,DESKTOP-R960KRP,0,747
1585102757142,1077,HTTP Request,200,OK,Thread Group 1-111,text,true,,1905,130,185,185,https://reqres.in/api/users?page=2,,1077,utf-8,1,0,DESKTOP-R960KRP,0,787
1585102757200,1021,HTTP Request,200,OK,Thread Group 1-73,text,true,,1905,130,185,185,https://reqres.in/api/users?page=2,,1020,utf-8,1,0,DESKTOP-R960KRP,0,743
1585102757194,1039,HTTP Request,200,OK,Thread Group 1-70,text,true,,1905,130,185,185,https://reqres.in/api/users?page=2,,1039,utf-8,1,0,DESKTOP-R960KRP,0,751
1585102757218,1015,HTTP Request,200,OK,Thread Group 1-76,text,true,,1905,130,185,185,https://reqres.in/api/users?page=2,,1015,utf-8,1,0,DESKTOP-R960KRP,0,736
1585102757198,1059,HTTP Request,200,OK,Thread Group 1-71,text,true,,1905,130,185,185,https://reqres.in/api/users?page=2,,1059,utf-8,1,0,DESKTOP-R960KRP,0,753
1585102757219,1063,HTTP Request,200,OK,Thread Group 1-198,text,true,,1905,130,185,185,https://reqres.in/api/users?page=2,,1063,utf-8,1,0,DESKTOP-R960KRP,0,746
1585102757218,1075,HTTP Request,200,OK,Thread Group 1-199,text,true,,1905,130,185,185,https://reqres.in/api/users?page=2,,1075,utf-8,1,0,DESKTOP-R960KRP,0,736
1585102757196,1099,HTTP Request,200,OK,Thread Group 1-114,text,true,,1905,130,185,185,https://reqres.in/api/users?page=2,,1099,utf-8,1,0,DESKTOP-R960KRP,0,764
1585102757172,1124,HTTP Request,200,OK,Thread Group 1-58,text,true,,1905,130,185,185,https://reqres.in/api/users?page=2,,1124,utf-8,1,0,DESKTOP-R960KRP,0,780
1585102757223,1074,HTTP Request,200,OK,Thread Group 1-183,text,true,,1905,130,185,185,https://reqres.in/api/users?page=2,,1073,utf-8,1,0,DESKTOP-R960KRP,0,761
1585102757220,1077,HTTP Request,200,OK,Thread Group 1-195,text,true,,1905,130,185,185,https://reqres.in/api/users?page=2,,1077,utf-8,1,0,DESKTOP-R960KRP,0,751
1585102757190,1116,HTTP Request,200,OK,Thread Group 1-67,text,true,,1905,130,185,185,https://reqres.in/api/users?page=2,,1116,utf-8,1,0,DESKTOP-R960KRP,0,760
1585102757219,1101,HTTP Request,200,OK,Thread Group 1-192,text,true,,1905,130,185,185,https://reqres.in/api/users?page=2,,1101,utf-8,1,0,DESKTOP-R960KRP,0,755
1585102757191,1141,HTTP Request,200,OK,Thread Group 1-66,text,true,,1905,130,185,185,https://reqres.in/api/users?page=2,,1140,utf-8,1,0,DESKTOP-R960KRP,0,782
1585102757224,1109,HTTP Request,200,OK,Thread Group 1-186,text,true,,1905,130,185,185,https://reqres.in/api/users?page=2,,1108,utf-8,1,0,DESKTOP-R960KRP,0,772
1585102757224,1149,HTTP Request,200,OK,Thread Group 1-173,text,true,,1905,130,185,185,https://reqres.in/api/users?page=2,,1149,utf-8,1,0,DESKTOP-R960KRP,0,784
1585102757224,1152,HTTP Request,200,OK,Thread Group 1-180,text,true,,1905,130,185,185,https://reqres.in/api/users?page=2,,1151,utf-8,1,0,DESKTOP-R960KRP,0,781
1585102757223,1153,HTTP Request,200,OK,Thread Group 1-184,text,true,,1905,130,185,185,https://reqres.in/api/users?page=2,,1153,utf-8,1,0,DESKTOP-R960KRP,0,778
1585102757223,1154,HTTP Request,200,OK,Thread Group 1-185,text,true,,1905,130,185,185,https://reqres.in/api/users?page=2,,1153,utf-8,1,0,DESKTOP-R960KRP,0,781
1585102757238,1141,HTTP Request,200,OK,Thread Group 1-121,text,true,,1905,130,185,185,https://reqres.in/api/users?page=2,,1141,utf-8,1,0,DESKTOP-R960KRP,0,780
1585102757239,1141,HTTP Request,200,OK,Thread Group 1-159,text,true,,1905,130,185,185,https://reqres.in/api/users?page=2,,1141,utf-8,1,0,DESKTOP-R960KRP,0,779
1585102757176,1212,HTTP Request,200,OK,Thread Group 1-60,text,true,,1905,130,185,185,https://reqres.in/api/users?page=2,,970,utf-8,1,0,DESKTOP-R960KRP,0,726
1585102757204,1185,HTTP Request,200,OK,Thread Group 1-75,text,true,,1905,130,185,185,https://reqres.in/api/users?page=2,,1184,utf-8,1,0,DESKTOP-R960KRP,0,775
1585102757265,1125,HTTP Request,200,OK,Thread Group 1-139,text,true,,1905,130,185,185,https://reqres.in/api/users?page=2,,1125,utf-8,1,0,DESKTOP-R960KRP,0,775
1585102757062,1328,HTTP Request,200,OK,Thread Group 1-4,text,true,,1905,130,185,185,https://reqres.in/api/users?page=2,,1328,utf-8,1,0,DESKTOP-R960KRP,0,989
1585102757239,1151,HTTP Request,200,OK,Thread Group 1-130,text,true,,1905,130,185,185,https://reqres.in/api/users?page=2,,1151,utf-8,1,0,DESKTOP-R960KRP,0,796
1585102757220,1171,HTTP Request,200,OK,Thread Group 1-200,text,true,,1905,130,185,185,https://reqres.in/api/users?page=2,,1171,utf-8,1,0,DESKTOP-R960KRP,0,839
1585102757205,1198,HTTP Request,200,OK,Thread Group 1-74,text,true,,1905,130,185,185,https://reqres.in/api/users?page=2,,1197,utf-8,1,0,DESKTOP-R960KRP,0,893
1585102757242,1338,HTTP Request,200,OK,Thread Group 1-101,text,true,,1905,130,153,153,https://reqres.in/api/users?page=2,,1338,utf-8,1,0,DESKTOP-R960KRP,0,1162
1585102757229,1353,HTTP Request,200,OK,Thread Group 1-155,text,true,,1905,130,152,152,https://reqres.in/api/users?page=2,,1353,utf-8,1,0,DESKTOP-R960KRP,0,1172
1585102757237,1347,HTTP Request,200,OK,Thread Group 1-123,text,true,,1905,130,151,151,https://reqres.in/api/users?page=2,,1347,utf-8,1,0,DESKTOP-R960KRP,0,1155
1585102757226,1362,HTTP Request,200,OK,Thread Group 1-166,text,true,,1905,130,149,149,https://reqres.in/api/users?page=2,,1362,utf-8,1,0,DESKTOP-R960KRP,0,1178
1585102757244,1422,HTTP Request,200,OK,Thread Group 1-95,text,true,,1905,130,131,131,https://reqres.in/api/users?page=2,,1422,utf-8,1,0,DESKTOP-R960KRP,0,1220
1585102757472,1187,HTTP Request,200,OK,Thread Group 1-182,text,true,,1905,130,138,138,https://reqres.in/api/users?page=2,,1187,utf-8,1,0,DESKTOP-R960KRP,0,997
1585102757456,1197,HTTP Request,200,OK,Thread Group 1-156,text,true,,1905,130,144,144,https://reqres.in/api/users?page=2,,1197,utf-8,1,0,DESKTOP-R960KRP,0,1013
1585102757450,1201,HTTP Request,200,OK,Thread Group 1-154,text,true,,1905,130,145,145,https://reqres.in/api/users?page=2,,1201,utf-8,1,0,DESKTOP-R960KRP,0,1016
1585102757481,1191,HTTP Request,200,OK,Thread Group 1-82,text,true,,1905,130,120,120,https://reqres.in/api/users?page=2,,1191,utf-8,1,0,DESKTOP-R960KRP,0,1001
1585102757448,1200,HTTP Request,200,OK,Thread Group 1-153,text,true,,1905,130,145,145,https://reqres.in/api/users?page=2,,1200,utf-8,1,0,DESKTOP-R960KRP,0,1012
1585102757451,1197,HTTP Request,200,OK,Thread Group 1-187,text,true,,1905,130,145,145,https://reqres.in/api/users?page=2,,1197,utf-8,1,0,DESKTOP-R960KRP,0,969
1585102757474,1199,HTTP Request,200,OK,Thread Group 1-179,text,true,,1905,130,119,119,https://reqres.in/api/users?page=2,,1199,utf-8,1,0,DESKTOP-R960KRP,0,1010
1585102757241,1406,HTTP Request,200,OK,Thread Group 1-103,text,true,,1905,130,145,145,https://reqres.in/api/users?page=2,,1406,utf-8,1,0,DESKTOP-R960KRP,0,1205
1585102757467,1208,HTTP Request,200,OK,Thread Group 1-175,text,true,,1905,130,116,116,https://reqres.in/api/users?page=2,,1208,utf-8,1,0,DESKTOP-R960KRP,0,1010
1585102757263,1384,HTTP Request,200,OK,Thread Group 1-138,text,true,,1905,130,145,145,https://reqres.in/api/users?page=2,,1384,utf-8,1,0,DESKTOP-R960KRP,0,1147
1585102757458,1188,HTTP Request,200,OK,Thread Group 1-161,text,true,,1905,130,145,145,https://reqres.in/api/users?page=2,,1188,utf-8,1,0,DESKTOP-R960KRP,0,1000
1585102757245,1401,HTTP Request,200,OK,Thread Group 1-93,text,true,,1905,130,146,146,https://reqres.in/api/users?page=2,,1400,utf-8,1,0,DESKTOP-R960KRP,0,1183
1585102757465,1213,HTTP Request,200,OK,Thread Group 1-174,text,true,,1905,130,113,113,https://reqres.in/api/users?page=2,,1213,utf-8,1,0,DESKTOP-R960KRP,0,1014
1585102757428,1217,HTTP Request,200,OK,Thread Group 1-145,text,true,,1905,130,146,146,https://reqres.in/api/users?page=2,,1217,utf-8,1,0,DESKTOP-R960KRP,0,1010
1585102757464,1179,HTTP Request,200,OK,Thread Group 1-172,text,true,,1905,130,146,146,https://reqres.in/api/users?page=2,,1179,utf-8,1,0,DESKTOP-R960KRP,0,982
1585102757440,1203,HTTP Request,200,OK,Thread Group 1-148,text,true,,1905,130,146,146,https://reqres.in/api/users?page=2,,1203,utf-8,1,0,DESKTOP-R960KRP,0,1000
1585102757469,1173,HTTP Request,200,OK,Thread Group 1-178,text,true,,1905,130,146,146,https://reqres.in/api/users?page=2,,1173,utf-8,1,0,DESKTOP-R960KRP,0,976
1585102757478,1208,HTTP Request,200,OK,Thread Group 1-79,text,true,,1905,130,104,104,https://reqres.in/api/users?page=2,,1208,utf-8,1,0,DESKTOP-R960KRP,0,1023
1585102757462,1225,HTTP Request,200,OK,Thread Group 1-168,text,true,,1905,130,104,104,https://reqres.in/api/users?page=2,,1224,utf-8,1,0,DESKTOP-R960KRP,0,1040
1585102757243,1395,HTTP Request,200,OK,Thread Group 1-99,text,true,,1905,130,146,146,https://reqres.in/api/users?page=2,,1394,utf-8,1,0,DESKTOP-R960KRP,0,1175
1585102757234,1401,HTTP Request,200,OK,Thread Group 1-133,text,true,,1905,130,147,147,https://reqres.in/api/users?page=2,,1401,utf-8,1,0,DESKTOP-R960KRP,0,1184
1585102757468,1166,HTTP Request,200,OK,Thread Group 1-177,text,true,,1905,130,147,147,https://reqres.in/api/users?page=2,,1166,utf-8,1,0,DESKTOP-R960KRP,0,971
1585102757226,1408,HTTP Request,200,OK,Thread Group 1-167,text,true,,1905,130,147,147,https://reqres.in/api/users?page=2,,1408,utf-8,1,0,DESKTOP-R960KRP,0,1185
1585102757227,1406,HTTP Request,200,OK,Thread Group 1-162,text,true,,1905,130,147,147,https://reqres.in/api/users?page=2,,1406,utf-8,1,0,DESKTOP-R960KRP,0,1192
1585102757475,1157,HTTP Request,200,OK,Thread Group 1-77,text,true,,1905,130,147,147,https://reqres.in/api/users?page=2,,1157,utf-8,1,0,DESKTOP-R960KRP,0,951
1585102757266,1366,HTTP Request,200,OK,Thread Group 1-141,text,true,,1905,130,147,147,https://reqres.in/api/users?page=2,,1366,utf-8,1,0,DESKTOP-R960KRP,0,1152
1585102757432,1200,HTTP Request,200,OK,Thread Group 1-146,text,true,,1905,130,147,147,https://reqres.in/api/users?page=2,,1200,utf-8,1,0,DESKTOP-R960KRP,0,987
1585102757246,1386,HTTP Request,200,OK,Thread Group 1-85,text,true,,1905,130,147,147,https://reqres.in/api/users?page=2,,1386,utf-8,1,0,DESKTOP-R960KRP,0,1171
1585102757249,1445,HTTP Request,200,OK,Thread Group 1-80,text,true,,1905,130,95,95,https://reqres.in/api/users?page=2,,1445,utf-8,1,0,DESKTOP-R960KRP,0,1282
1585102757246,1383,HTTP Request,200,OK,Thread Group 1-88,text,true,,1905,130,147,147,https://reqres.in/api/users?page=2,,1383,utf-8,1,0,DESKTOP-R960KRP,0,1167
1585102757236,1393,HTTP Request,200,OK,Thread Group 1-127,text,true,,1905,130,147,147,https://reqres.in/api/users?page=2,,1393,utf-8,1,0,DESKTOP-R960KRP,0,1176
1585102757460,1169,HTTP Request,200,OK,Thread Group 1-165,text,true,,1905,130,147,147,https://reqres.in/api/users?page=2,,1169,utf-8,1,0,DESKTOP-R960KRP,0,959
1585102757247,1369,HTTP Request,200,OK,Thread Group 1-84,text,true,,1905,130,147,147,https://reqres.in/api/users?page=2,,1369,utf-8,1,0,DESKTOP-R960KRP,0,1166
1585102757229,1385,HTTP Request,200,OK,Thread Group 1-150,text,true,,1905,130,147,147,https://reqres.in/api/users?page=2,,1385,utf-8,1,0,DESKTOP-R960KRP,0,1179
1585102757260,1332,HTTP Request,200,OK,Thread Group 1-136,text,true,,1905,130,149,149,https://reqres.in/api/users?page=2,,1332,utf-8,1,0,DESKTOP-R960KRP,0,1145
1585102757245,1355,HTTP Request,200,OK,Thread Group 1-90,text,true,,1905,130,148,148,https://reqres.in/api/users?page=2,,1355,utf-8,1,0,DESKTOP-R960KRP,0,1166
1585102757435,1164,HTTP Request,200,OK,Thread Group 1-147,text,true,,1905,130,148,148,https://reqres.in/api/users?page=2,,1164,utf-8,1,0,DESKTOP-R960KRP,0,984
1585102757455,1144,HTTP Request,200,OK,Thread Group 1-160,text,true,,1905,130,148,148,https://reqres.in/api/users?page=2,,1143,utf-8,1,0,DESKTOP-R960KRP,0,963
1585102757228,1361,HTTP Request,200,OK,Thread Group 1-157,text,true,,1905,130,149,149,https://reqres.in/api/users?page=2,,1361,utf-8,1,0,DESKTOP-R960KRP,0,1179
1585102757234,1364,HTTP Request,200,OK,Thread Group 1-131,text,true,,1905,130,148,148,https://reqres.in/api/users?page=2,,1364,utf-8,1,0,DESKTOP-R960KRP,0,1179
1585102757459,1139,HTTP Request,200,OK,Thread Group 1-164,text,true,,1905,130,148,148,https://reqres.in/api/users?page=2,,1139,utf-8,1,0,DESKTOP-R960KRP,0,960
1585102757257,1340,HTTP Request,200,OK,Thread Group 1-134,text,true,,1905,130,148,148,https://reqres.in/api/users?page=2,,1340,utf-8,1,0,DESKTOP-R960KRP,0,1152
1585102757233,1364,HTTP Request,200,OK,Thread Group 1-135,text,true,,1905,130,148,148,https://reqres.in/api/users?page=2,,1364,utf-8,1,0,DESKTOP-R960KRP,0,1176
1585102757233,1364,HTTP Request,200,OK,Thread Group 1-137,text,true,,1905,130,148,148,https://reqres.in/api/users?page=2,,1364,utf-8,1,0,DESKTOP-R960KRP,0,1179
1585102757463,1238,HTTP Request,200,OK,Thread Group 1-169,text,true,,1905,130,92,92,https://reqres.in/api/users?page=2,,1238,utf-8,1,0,DESKTOP-R960KRP,0,1045
1585102757251,1346,HTTP Request,200,OK,Thread Group 1-78,text,true,,1905,130,148,148,https://reqres.in/api/users?page=2,,1345,utf-8,1,0,DESKTOP-R960KRP,0,1158
1585102757232,1364,HTTP Request,200,OK,Thread Group 1-140,text,true,,1905,130,148,148,https://reqres.in/api/users?page=2,,1364,utf-8,1,0,DESKTOP-R960KRP,0,1178
1585102757472,1230,HTTP Request,200,OK,Thread Group 1-181,text,true,,1905,130,92,92,https://reqres.in/api/users?page=2,,1230,utf-8,1,0,DESKTOP-R960KRP,0,1049
1585102757231,1365,HTTP Request,200,OK,Thread Group 1-142,text,true,,1905,130,148,148,https://reqres.in/api/users?page=2,,1365,utf-8,1,0,DESKTOP-R960KRP,0,1180
1585102757422,1173,HTTP Request,200,OK,Thread Group 1-144,text,true,,1905,130,148,148,https://reqres.in/api/users?page=2,,1173,utf-8,1,0,DESKTOP-R960KRP,0,988
1585102757255,1340,HTTP Request,200,OK,Thread Group 1-132,text,true,,1905,130,149,149,https://reqres.in/api/users?page=2,,1340,utf-8,1,0,DESKTOP-R960KRP,0,1153
1585102757446,1148,HTTP Request,200,OK,Thread Group 1-152,text,true,,1905,130,149,149,https://reqres.in/api/users?page=2,,1148,utf-8,1,0,DESKTOP-R960KRP,0,968
1585102757422,1290,HTTP Request,200,OK,Thread Group 1-143,text,true,,1905,130,83,83,https://reqres.in/api/users?page=2,,1290,utf-8,1,0,DESKTOP-R960KRP,0,1109
1585102757225,1357,HTTP Request,200,OK,Thread Group 1-170,text,true,,1905,130,149,149,https://reqres.in/api/users?page=2,,1357,utf-8,1,0,DESKTOP-R960KRP,0,1181
1585102757227,1367,HTTP Request,200,OK,Thread Group 1-163,text,true,,1905,130,149,149,https://reqres.in/api/users?page=2,,1367,utf-8,1,0,DESKTOP-R960KRP,0,1184
1585102757231,1363,HTTP Request,200,OK,Thread Group 1-189,text,true,,1905,130,149,149,https://reqres.in/api/users?page=2,,1362,utf-8,1,0,DESKTOP-R960KRP,0,1179
1585102757243,1350,HTTP Request,200,OK,Thread Group 1-97,text,true,,1905,130,149,149,https://reqres.in/api/users?page=2,,1350,utf-8,1,0,DESKTOP-R960KRP,0,1165
1585102757230,1362,HTTP Request,200,OK,Thread Group 1-151,text,true,,1905,130,149,149,https://reqres.in/api/users?page=2,,1362,utf-8,1,0,DESKTOP-R960KRP,0,1176
1585102757455,1136,HTTP Request,200,OK,Thread Group 1-158,text,true,,1905,130,149,149,https://reqres.in/api/users?page=2,,1135,utf-8,1,0,DESKTOP-R960KRP,0,957
1585102757466,1257,HTTP Request,200,OK,Thread Group 1-176,text,true,,1905,130,72,72,https://reqres.in/api/users?page=2,,1256,utf-8,1,0,DESKTOP-R960KRP,0,1056
1585102757483,1245,HTTP Request,200,OK,Thread Group 1-83,text,true,,1905,130,66,66,https://reqres.in/api/users?page=2,,1244,utf-8,1,0,DESKTOP-R960KRP,0,1051
1585102757248,1490,HTTP Request,200,OK,Thread Group 1-115,text,true,,1905,130,45,45,https://reqres.in/api/users?page=2,,1490,utf-8,1,0,DESKTOP-R960KRP,0,1324
1585102757463,1298,HTTP Request,200,OK,Thread Group 1-171,text,true,,1905,130,34,34,https://reqres.in/api/users?page=2,,1298,utf-8,1,0,DESKTOP-R960KRP,0,1110
1585102757102,1667,HTTP Request,200,OK,Thread Group 1-13,text,true,,1905,130,33,33,https://reqres.in/api/users?page=2,,1667,utf-8,1,0,DESKTOP-R960KRP,0,1486
1585102757478,1298,HTTP Request,200,OK,Thread Group 1-81,text,true,,1905,130,32,32,https://reqres.in/api/users?page=2,,1298,utf-8,1,0,DESKTOP-R960KRP,0,1101
1585102757237,1551,HTTP Request,200,OK,Thread Group 1-125,text,true,,1905,130,31,31,https://reqres.in/api/users?page=2,,1551,utf-8,1,0,DESKTOP-R960KRP,0,1364
1585102757906,893,HTTP Request,200,OK,Thread Group 1-86,text,true,,1905,130,30,30,https://reqres.in/api/users?page=2,,893,utf-8,1,0,DESKTOP-R960KRP,0,709
1585102757181,1668,HTTP Request,200,OK,Thread Group 1-62,text,true,,1905,130,29,29,https://reqres.in/api/users?page=2,,1667,utf-8,1,0,DESKTOP-R960KRP,0,1417
1585102758021,849,HTTP Request,200,OK,Thread Group 1-96,text,true,,1905,130,28,28,https://reqres.in/api/users?page=2,,848,utf-8,1,0,DESKTOP-R960KRP,0,673
1585102758033,840,HTTP Request,200,OK,Thread Group 1-98,text,true,,1905,130,27,27,https://reqres.in/api/users?page=2,,840,utf-8,1,0,DESKTOP-R960KRP,0,676
1585102758023,874,HTTP Request,200,OK,Thread Group 1-100,text,true,,1905,130,26,26,https://reqres.in/api/users?page=2,,873,utf-8,1,0,DESKTOP-R960KRP,0,702
1585102758016,889,HTTP Request,200,OK,Thread Group 1-92,text,true,,1905,130,25,25,https://reqres.in/api/users?page=2,,889,utf-8,1,0,DESKTOP-R960KRP,0,713
1585102757235,1685,HTTP Request,200,OK,Thread Group 1-188,text,true,,1905,130,24,24,https://reqres.in/api/users?page=2,,1685,utf-8,1,0,DESKTOP-R960KRP,0,1508
1585102758014,908,HTTP Request,200,OK,Thread Group 1-91,text,true,,1905,130,23,23,https://reqres.in/api/users?page=2,,908,utf-8,1,0,DESKTOP-R960KRP,0,706
1585102758011,943,HTTP Request,200,OK,Thread Group 1-89,text,true,,1905,130,22,22,https://reqres.in/api/users?page=2,,943,utf-8,1,0,DESKTOP-R960KRP,0,744
1585102758032,927,HTTP Request,200,OK,Thread Group 1-117,text,true,,1905,130,21,21,https://reqres.in/api/users?page=2,,927,utf-8,1,0,DESKTOP-R960KRP,0,751
1585102758034,948,HTTP Request,200,OK,Thread Group 1-102,text,true,,1905,130,20,20,https://reqres.in/api/users?page=2,,948,utf-8,1,0,DESKTOP-R960KRP,0,772
1585102758017,975,HTTP Request,200,OK,Thread Group 1-94,text,true,,1905,130,19,19,https://reqres.in/api/users?page=2,,975,utf-8,1,0,DESKTOP-R960KRP,0,789
1585102758010,983,HTTP Request,200,OK,Thread Group 1-87,text,true,,1905,130,19,19,https://reqres.in/api/users?page=2,,983,utf-8,1,0,DESKTOP-R960KRP,0,818
1585102758039,1018,HTTP Request,200,OK,Thread Group 1-104,text,true,,1905,130,17,17,https://reqres.in/api/users?page=2,,1018,utf-8,1,0,DESKTOP-R960KRP,0,803
1585102758014,1044,HTTP Request,200,OK,Thread Group 1-116,text,true,,1905,130,17,17,https://reqres.in/api/users?page=2,,1043,utf-8,1,0,DESKTOP-R960KRP,0,831
1585102758428,681,HTTP Request,200,OK,Thread Group 1-194,text,true,,1905,130,15,15,https://reqres.in/api/users?page=2,,681,utf-8,1,0,DESKTOP-R960KRP,0,513
1585102758429,689,HTTP Request,200,OK,Thread Group 1-119,text,true,,1905,130,14,14,https://reqres.in/api/users?page=2,,689,utf-8,1,0,DESKTOP-R960KRP,0,520
1585102758423,712,HTTP Request,200,OK,Thread Group 1-105,text,true,,1905,130,13,13,https://reqres.in/api/users?page=2,,711,utf-8,1,0,DESKTOP-R960KRP,0,537
1585102758430,718,HTTP Request,200,OK,Thread Group 1-118,text,true,,1905,130,12,12,https://reqres.in/api/users?page=2,,718,utf-8,1,0,DESKTOP-R960KRP,0,545
1585102758425,723,HTTP Request,200,OK,Thread Group 1-149,text,true,,1905,130,12,12,https://reqres.in/api/users?page=2,,723,utf-8,1,0,DESKTOP-R960KRP,0,539
1585102758430,719,HTTP Request,200,OK,Thread Group 1-120,text,true,,1905,130,12,12,https://reqres.in/api/users?page=2,,719,utf-8,1,0,DESKTOP-R960KRP,0,547
1585102758454,720,HTTP Request,200,OK,Thread Group 1-124,text,true,,1905,130,9,9,https://reqres.in/api/users?page=2,,719,utf-8,1,0,DESKTOP-R960KRP,0,539
1585102758450,733,HTTP Request,200,OK,Thread Group 1-126,text,true,,1905,130,8,8,https://reqres.in/api/users?page=2,,732,utf-8,1,0,DESKTOP-R960KRP,0,555
1585102758438,757,HTTP Request,200,OK,Thread Group 1-122,text,true,,1905,130,7,7,https://reqres.in/api/users?page=2,,757,utf-8,1,0,DESKTOP-R960KRP,0,572
1585102758427,769,HTTP Request,200,OK,Thread Group 1-193,text,true,,1905,130,6,6,https://reqres.in/api/users?page=2,,769,utf-8,1,0,DESKTOP-R960KRP,0,582
1585102758456,758,HTTP Request,200,OK,Thread Group 1-196,text,true,,1905,130,5,5,https://reqres.in/api/users?page=2,,758,utf-8,1,0,DESKTOP-R960KRP,0,569
1585102757240,2040,HTTP Request,200,OK,Thread Group 1-106,text,true,,1905,130,4,4,https://reqres.in/api/users?page=2,,1391,utf-8,1,0,DESKTOP-R960KRP,0,1173
1585102758743,689,HTTP Request,200,OK,Thread Group 1-128,text,true,,1905,130,3,3,https://reqres.in/api/users?page=2,,689,utf-8,1,0,DESKTOP-R960KRP,0,514
1585102758747,701,HTTP Request,200,OK,Thread Group 1-129,text,true,,1905,130,2,2,https://reqres.in/api/users?page=2,,701,utf-8,1,0,DESKTOP-R960KRP,0,527
1585102757140,2726,HTTP Request,200,OK,Thread Group 1-37,text,true,,1905,130,1,1,https://reqres.in/api/users?page=2,,2726,utf-8,1,0,DESKTOP-R960KRP,0,731
